V001|010101010101|---|ANDREW LEE SEE WEN|M|01/01/2001|andrew10@gmail.com|011 1111111|11A, JALAN ANT, 11500, AYER ITAM, PULAU PINANG, MALAYSIA|0|
V002|020202020202|---|CANDANCE TEOH TEE KUAN|F|02/02/2002|candance20@gmail.com|022 2222222|22B, JALAN BEAR, 11500, AYER ITAM, PULAU PINANG, MALAYSIA|0|
V003|030303030303|---|MUHAMMAD ALI BIN SAID|M|03/03/2002|ali30@gmail.com|033 3333333|33C, JALAN CAT, 11500, AYER ITAM, PULAU PINANG, MALAYSIA|1|
F004|---|G00001|ALFRED GREY STAR|M|03/03/2002|greyStar30@gmail.com|044 4444444|44D,TANGLIN ROAD, 247964,SINGAPORE|1|
A005|040404040404|---|HANNAH YEOH WEI LEE|F|04/04/2004|hannah@gmail.com|055 5555555|55E, JALAN EEL, 11500, AYER ITAM, PULAU PINANG, MALAYSIA|1|
V006|030201070889|---|WILLIAM LIM SIN KANG|M|10/02/2003|william1@gmail.com|017 8987876|7A, JALAN FAL, 11100, AYER ITAM, PULAU PINANG, MALAYSIA|1|
V007|000201070091|---|BENJAMIN TEOH TEE KUAN|M|01/02/2000|benjamin20@gmail.com|018 7012345|66G, JALAN KAS, 11500, AYER ITAM, PULAU PINANG, MALAYSIA|1|
V008|001203072234|---|MUHAMMAD ALI BIN SEAD|M|03/12/2000|ali3@gmail.com|013 4567891|6X, JALAN SAYD, 11500, AYER ITAM, PULAU PINANG, MALAYSIA|1|
F009|---|G00002|JAYDEN SMITH JORDON|M|03/03/2002|jordon@gmail.com|013 3338976|4Y, BLOCK 10,LION ROAD, 247964,SINGAPORE|1|
F010|---|G00003|BRANDON LEE KEE MAI|M|03/03/1999|brandon@gmail.com|018 8881123|9PP, BLOCK 6,YU ROAD, 247964,SINGAPORE|1|
V011|980101070666|---|AIDEN TAN TEE MAI|F|01/01/1998|aiden@gmail.com|017 9999987|22C, JALAN BEAR, 11500, AYER ITAM, PULAU PINANG, MALAYSIA|1|
V012|980202079988|---|SHANNON LIM WEI LEE|F|02/02/1998|shannon98@gmail.com|012 3332321|55C, JALAN CAT, 11500, AYER ITAM, PULAU PINANG, MALAYSIA|1|
V013|990404073454|---|ADRIANA CHU LING KANG|F|04/04/1999|adriana@gmail.com|012 2345676|98B, JALAN KILO, 11500, AYER ITAM, PULAU PINANG, MALAYSIA|1|
V014|991112074566|---|ALISON CARSON BRIE|F|12/11/1999|alisonbrie@gmail.com|018 7776657|09C, JALAN HAMA, 11500, AYER ITAM, PULAU PINANG, MALAYSIA|1|
V015|990807070988|---|SAMANTHA SAW SEE LEE|F|07/08/1999|samantha@gmail.com|015 2029990|76B, JALAN BATU, 11500, AYER ITAM, PULAU PINANG, MALAYSIA|1|
V016|001123070193|---|HILTON LEWAY TAN|M|23/11/2000|hilton@gmail.com|017 9919987|5TF, JALAN KAM, 11500, AYER ITAM, PULAU PINANG, MALAYSIA|1|
V017|970531078816|---|HAMILTON JESSE BROK|M|31/05/1997|hamilton98@gmail.com|012 8812345|67A,JALAN QUO, 11500, AYER ITAM, PULAU PINANG, MALAYSIA|1|
V018|961109070006|---|ADRIAN BROWN HEE|M|09/11/1996|adrian@gmail.com|012 7765543|998T, JALAN SCOT, 11500, AYER ITAM, KEDAH, MALAYSIA|1|
V019|950320070987|---|ALISON JANE LEE|F|20/03/1995|alijane@gmail.com|018 2276657|9B, JALAN BLUE, 11500, AYER ITAM, PULAU PINANG, MALAYSIA|1|
V020|940802071238|---|AMINATH JENIFFER GWEN|F|02/08/1994|aminath@gmail.com|014 2026660|23ON, JALAN NEOH, 11790, PERLIS, PULAU PINANG, MALAYSIA|0|